<?xml version="1.0" encoding="windows-1252"?>
<Collection name="Dashboard-Gridly" guid="{d19b865b-2800-43b7-8f57-203a40ce3e03}" system="No" updatable="Yes" blockNavigatorNode="No" onInstallAddonGuid="">
	<HelpLink></HelpLink>
	<Help></Help>
	<Addon name="DashCards" guid="{5b1fc40b-d9c5-4582-9d29-464ea34f7407}" type="Add-on">
		<CopyText><![CDATA[<div class="gridly">
  <div class="brick small text-white bg-success"><h6>Headline 1</h6><p>Description description description.</p></div>
  <div class="brick small text-white bg-success"><h6>Headline 2</h6><p>Description description description.</p></div>
  <div class="brick large text-white bg-success"><h6>Headline 3</h6><p>Description description description.</p></div>
  <div class="brick small text-white bg-success"><h6>Headline 4</h6><p>Description description description.</p></div>
  <div class="brick small text-white bg-success"><h6>Headline 5</h6><p>Description description description.</p></div>
  <div class="brick large text-white bg-success"><h6>Headline 6</h6><p>Description description description.</p></div>
<div class="brick large card text-center">
<div class="card text-center">
  <div class="card-body">
    <h5 class="card-title">Special title treatment</h5>
    <p class="card-text">With supporting text below as a natural lead-in to additional content.</p>
    <a href="#" class="btn btn-primary">Go somewhere</a>
  </div>
</div>
</div>

</div>


<div class="dashCards">
  <ul class="dcCardList">
    <li class="dcWarn">
      

<div class="card text-center" style="width: 18rem;">
  <div class="card-body">
    <h5 class="card-title">Special title treatment</h5>
    <p class="card-text">With supporting text below as a natural lead-in to additional content.</p>
    <a href="#" class="btn btn-primary">Go somewhere</a>
  </div>
</div>
      
      
    </li>
  </ul>
</div>]]></CopyText>
		<AsAjax>No</AsAjax>
		<Filter>No</Filter>
		<Icon Link="" width="50" height="50" sprites="0" />
		<InIframe>No</InIframe>
		<BlockEditTools>Yes</BlockEditTools>
		<IncludeAddon name="Gridly" guid="{0c3dbfd9-344c-41c1-a700-3f59a172272a}"/>
		<IsInline>No</IsInline>
		<JavascriptInHead><![CDATA[var reordering = function($elements) {
  // Called before the drag and drop starts with the elements in their starting position.
  console.log("reordering");
};

var reordered = function($elements) {
  // Called after the drag and drop ends with the elements in their ending position.
  console.log("reordered");
};

jQuery('.gridly').gridly({
  base: 60, // px 
  gutter: 20, // px
  columns: 12,    
  callbacks: { reordering: reordering , reordered: reordered }
});
]]></JavascriptInHead>
		<javascriptForceHead>No</javascriptForceHead>
		<Content>No</Content>
		<Template>No</Template>
		<Email>No</Email>
		<Admin>No</Admin>
		<OnPageEndEvent>No</OnPageEndEvent>
		<OnPageStartEvent>No</OnPageStartEvent>
		<OnBodyStart>No</OnBodyStart>
		<OnBodyEnd>No</OnBodyEnd>
		<RemoteMethod>No</RemoteMethod>
		<Diagnostic>No</Diagnostic>
		<ProcessRunOnce>No</ProcessRunOnce>
		<ProcessInterval>0</ProcessInterval>
		<Styles><![CDATA[.gridly {
    position: relative;
    /* width: 960px; */
    margin: 20px;
  }
.gridly h6 { margin-top:0; }
.brick.small {
    width: 140px;
    height: 140px;
    padding: 10px;
  }
  .brick.large {
    width: 300px;
    height: 300px;
    padding: 10px;
  }]]></Styles>
		<Scripting Language="" EntryPoint="" Timeout="5000"/>
	</Addon>
	<ImportCollection name="Gridly">{b6e7a0b5-efbc-4ec6-8fba-833a102299e0}</ImportCollection>
</Collection>