{"defaultWrapper":{"guid":"{9182DCA4-F88B-4593-A5A0-D9151A7FF342}"},"nodeList":{"node1":{"key":"node1","contentName":"","contentGUID":"","addonGUID":"{9A7A1567-CC4A-4AF8-B828-2AD7F9389D25}","title":"Current Activity","state":2,"sizex":231,"sizey":308,"addonArgList":[],"x":20,"y":20,"z":0,"wrapperId":0},"node2":{"key":"node2","contentName":"","contentGUID":"","addonGUID":"{64CFC070-A546-4ACB-85D5-F2B6935178A9}","title":"Contensive Tweets","state":2,"sizex":231,"sizey":308,"addonArgList":[{"name":"username","value":"Contensive"},{"name":"Tweets to display","value":"10"}],"x":20,"y":350,"z":0,"wrapperId":0},"node3":{"key":"node3","contentName":"","contentGUID":"","addonGUID":"{097C0307-4A12-4B95-B328-4B637F6E26D4}","title":"Visits - 365 days","state":2,"sizex":462,"sizey":539,"addonArgList":[{"name":"Duration","value":"365"},{"name":"TargetDiv","value":"monthlyvisit"},{"name":"Rate","value":"Daily"},{"name":"width","value":"97%"},{"name":"height","value":"78%"}],"x":270,"y":120,"z":0,"wrapperId":0},"node4":{"key":"node4","contentName":"People","contentGUID":"{C1985DC4-C985-4406-9934-61A911543454}","addonGUID":"","title":"People","state":2,"sizex":77,"sizey":77,"addonArgList":[],"x":270,"y":20,"z":0,"wrapperId":0},"node5":{"key":"node5","contentName":"Organizations","contentGUID":"{6867C3E6-3CC1-449A-9E8F-DBA591A1A7EF}","addonGUID":"","title":"Organizations","state":2,"sizex":77,"sizey":77,"addonArgList":[],"x":350,"y":20,"z":0,"wrapperId":0},"node6":{"key":"node6","contentName":"Groups","contentGUID":"{792F49A4-7ACC-4AE1-A80B-92E6112FED3D}","addonGUID":"","title":"Groups","state":2,"sizex":77,"sizey":77,"addonArgList":[],"x":430,"y":20,"z":0,"wrapperId":0},"node7":{"key":"node7","contentName":"Page Content","contentGUID":"{02203F58-0921-4F75-A089-0EAD6E8FEB4F}","addonGUID":"","title":"Pages","state":2,"sizex":77,"sizey":77,"addonArgList":[],"x":510,"y":20,"z":0,"wrapperId":0},"node8":{"key":"node8","contentName":"Page Templates","contentGUID":"{62D4F57F-431C-4189-A1AB-7492DB240E77}","addonGUID":"","title":"Templates","state":2,"sizex":77,"sizey":77,"addonArgList":[],"x":590,"y":20,"z":0,"wrapperId":0},"node9":{"key":"node9","contentName":"Group Email","contentGUID":"{659CDF19-D7BB-4284-B2AA-E8960BEB49AB}","addonGUID":"","title":"Group Email","state":2,"sizex":77,"sizey":77,"addonArgList":[],"x":670,"y":20,"z":0,"wrapperId":0}}}